Metric,Value
design__lint_error__count,0
design__lint_timing_construct__count,0
design__lint_warning__count,2
design__inferred_latch__count,0
design__instance__count,19383
design__instance__area,100291
design__instance_unmapped__count,0
synthesis__check_error__count,0
design__max_slew_violation__count__corner:nom_tt_025C_1v80,153
design__max_fanout_violation__count__corner:nom_tt_025C_1v80,1
design__max_cap_violation__count__corner:nom_tt_025C_1v80,0
power__internal__total,0.0529705286026001
power__switching__total,0.06263469159603119
power__leakage__total,1.003122847009763E-7
power__total,0.11560531705617905
clock__skew__worst_hold__corner:nom_tt_025C_1v80,-0.3983975206942802
clock__skew__worst_setup__corner:nom_tt_025C_1v80,0.3006419920332614
timing__hold__ws__corner:nom_tt_025C_1v80,0.33242431970249575
timing__setup__ws__corner:nom_tt_025C_1v80,29.40820292745836
timing__hold__tns__corner:nom_tt_025C_1v80,0.0
timing__setup__tns__corner:nom_tt_025C_1v80,0.0
timing__hold__wns__corner:nom_tt_025C_1v80,0
timing__setup__wns__corner:nom_tt_025C_1v80,0.0
timing__hold_vio__count__corner:nom_tt_025C_1v80,0
timing__hold_r2r__ws__corner:nom_tt_025C_1v80,0.332424
timing__hold_r2r_vio__count__corner:nom_tt_025C_1v80,0
timing__setup_vio__count__corner:nom_tt_025C_1v80,0
timing__setup_r2r__ws__corner:nom_tt_025C_1v80,51.794136
timing__setup_r2r_vio__count__corner:nom_tt_025C_1v80,0
design__max_slew_violation__count__corner:nom_ss_100C_1v60,1183
design__max_fanout_violation__count__corner:nom_ss_100C_1v60,1
design__max_cap_violation__count__corner:nom_ss_100C_1v60,0
clock__skew__worst_hold__corner:nom_ss_100C_1v60,-0.5058793527266356
clock__skew__worst_setup__corner:nom_ss_100C_1v60,0.33096767929741533
timing__hold__ws__corner:nom_ss_100C_1v60,0.928162906137635
timing__setup__ws__corner:nom_ss_100C_1v60,9.14808166223484
timing__hold__tns__corner:nom_ss_100C_1v60,0.0
timing__setup__tns__corner:nom_ss_100C_1v60,0.0
timing__hold__wns__corner:nom_ss_100C_1v60,0
timing__setup__wns__corner:nom_ss_100C_1v60,0.0
timing__hold_vio__count__corner:nom_ss_100C_1v60,0
timing__hold_r2r__ws__corner:nom_ss_100C_1v60,0.928163
timing__hold_r2r_vio__count__corner:nom_ss_100C_1v60,0
timing__setup_vio__count__corner:nom_ss_100C_1v60,0
timing__setup_r2r__ws__corner:nom_ss_100C_1v60,44.526367
timing__setup_r2r_vio__count__corner:nom_ss_100C_1v60,0
design__max_slew_violation__count__corner:nom_ff_n40C_1v95,0
design__max_fanout_violation__count__corner:nom_ff_n40C_1v95,1
design__max_cap_violation__count__corner:nom_ff_n40C_1v95,0
clock__skew__worst_hold__corner:nom_ff_n40C_1v95,-0.3526315728119252
clock__skew__worst_setup__corner:nom_ff_n40C_1v95,0.2872551722239067
timing__hold__ws__corner:nom_ff_n40C_1v95,0.11468298857391737
timing__setup__ws__corner:nom_ff_n40C_1v95,36.55112937995486
timing__hold__tns__corner:nom_ff_n40C_1v95,0.0
timing__setup__tns__corner:nom_ff_n40C_1v95,0.0
timing__hold__wns__corner:nom_ff_n40C_1v95,0
timing__setup__wns__corner:nom_ff_n40C_1v95,0.0
timing__hold_vio__count__corner:nom_ff_n40C_1v95,0
timing__hold_r2r__ws__corner:nom_ff_n40C_1v95,0.114683
timing__hold_r2r_vio__count__corner:nom_ff_n40C_1v95,0
timing__setup_vio__count__corner:nom_ff_n40C_1v95,0
timing__setup_r2r__ws__corner:nom_ff_n40C_1v95,54.524353
timing__setup_r2r_vio__count__corner:nom_ff_n40C_1v95,0
design__max_slew_violation__count,1377
design__max_fanout_violation__count,1
design__max_cap_violation__count,0
clock__skew__worst_hold,-0.3491293186705434
clock__skew__worst_setup,0.2830118164370522
timing__hold__ws,0.11208645440164029
timing__setup__ws,8.75338937221216
timing__hold__tns,0.0
timing__setup__tns,0.0
timing__hold__wns,0
timing__setup__wns,0.0
timing__hold_vio__count,0
timing__hold_r2r__ws,0.112086
timing__hold_r2r_vio__count,0
timing__setup_vio__count,0
timing__setup_r2r__ws,44.185040
timing__setup_r2r_vio__count,0
design__die__bbox,0.0 0.0 328.915 339.635
design__core__bbox,5.52 10.88 323.38 326.4
design__io,118
design__die__area,111711
design__core__area,100291
design__instance__count__stdcell,6914
design__instance__area__stdcell,59454.5
design__instance__count__macros,0
design__instance__area__macros,0
design__instance__count__padcells,0
design__instance__area__padcells,0
design__instance__count__cover,0
design__instance__area__cover,0
design__instance__utilization,0.592819
design__instance__utilization__stdcell,0.592819
design__rows,116
design__rows:unithd,116
design__sites,80156
design__sites:unithd,80156
design__instance__count__class:inverter,66
design__instance__area__class:inverter,247.738
design__instance__count__class:sequential_cell,147
design__instance__area__class:sequential_cell,3862.45
design__instance__count__class:multi_input_combinational_cell,4581
design__instance__area__class:multi_input_combinational_cell,46485.8
flow__warnings__count,1
flow__errors__count,0
flow__warnings__count:ODB-0220,2
flow__warnings__type_count,1
flow__warnings__count:ORD-0039,1
design__instance__count__class:fill_cell,12469
design__instance__area__class:fill_cell,40836.7
design__instance__count__class:tap_cell,1416
design__instance__area__class:tap_cell,1771.7
design__power_grid_violation__count__net:VPWR,0
design__power_grid_violation__count__net:VGND,0
design__power_grid_violation__count,0
floorplan__design__io,116
design__io__hpwl,8928052
timing__drv__floating__nets,2
timing__drv__floating__pins,0
design__instance__displacement__total,1841.99
design__instance__displacement__mean,0.257
design__instance__displacement__max,27.09
route__wirelength__estimated,133421
design__violations,0
design__instance__count__class:timing_repair_buffer,638
design__instance__area__class:timing_repair_buffer,5933.19
flow__warnings__count:RSZ-0020,1
flow__warnings__count:STA-1140,6
design__instance__count__class:clock_buffer,62
design__instance__area__class:clock_buffer,1143.6
design__instance__count__setup_buffer,0
design__instance__count__hold_buffer,130
global_route__vias,30
global_route__wirelength,218605
antenna__violating__nets,0
antenna__violating__pins,0
route__antenna_violation__count,0
antenna_diodes_count,4
route__net,5580
route__net__special,2
route__drc_errors__iter:0,24
route__wirelength__iter:0,139214
route__drc_errors__iter:1,5
route__wirelength__iter:1,139207
route__drc_errors__iter:2,3
route__wirelength__iter:2,139198
route__drc_errors__iter:3,0
route__wirelength__iter:3,139213
route__drc_errors__iter:4,0
route__wirelength__iter:4,139197
route__drc_errors,0
route__wirelength,139213
route__vias,37406
route__vias__singlecut,37406
route__vias__multicut,0
design__instance__count__class:antenna_cell,4
design__instance__area__class:antenna_cell,10.0096
flow__warnings__count:DRT-0349,10
design__disconnected_pin__count,0
design__critical_disconnected_pin__count,0
route__wirelength__max,642.29
timing__unannotated_net__count__corner:nom_tt_025C_1v80,13
timing__unannotated_net_filtered__count__corner:nom_tt_025C_1v80,0
timing__unannotated_net__count__corner:nom_ss_100C_1v60,13
timing__unannotated_net_filtered__count__corner:nom_ss_100C_1v60,0
timing__unannotated_net__count__corner:nom_ff_n40C_1v95,13
timing__unannotated_net_filtered__count__corner:nom_ff_n40C_1v95,0
design__max_slew_violation__count__corner:min_tt_025C_1v80,83
design__max_fanout_violation__count__corner:min_tt_025C_1v80,1
design__max_cap_violation__count__corner:min_tt_025C_1v80,0
clock__skew__worst_hold__corner:min_tt_025C_1v80,-0.39331314318691085
clock__skew__worst_setup__corner:min_tt_025C_1v80,0.29565614682211416
timing__hold__ws__corner:min_tt_025C_1v80,0.3285834475290265
timing__setup__ws__corner:min_tt_025C_1v80,29.607630962744356
timing__hold__tns__corner:min_tt_025C_1v80,0.0
timing__setup__tns__corner:min_tt_025C_1v80,0.0
timing__hold__wns__corner:min_tt_025C_1v80,0
timing__setup__wns__corner:min_tt_025C_1v80,0.0
timing__hold_vio__count__corner:min_tt_025C_1v80,0
timing__hold_r2r__ws__corner:min_tt_025C_1v80,0.328583
timing__hold_r2r_vio__count__corner:min_tt_025C_1v80,0
timing__setup_vio__count__corner:min_tt_025C_1v80,0
timing__setup_r2r__ws__corner:min_tt_025C_1v80,51.994869
timing__setup_r2r_vio__count__corner:min_tt_025C_1v80,0
timing__unannotated_net__count__corner:min_tt_025C_1v80,13
timing__unannotated_net_filtered__count__corner:min_tt_025C_1v80,0
design__max_slew_violation__count__corner:min_ss_100C_1v60,965
design__max_fanout_violation__count__corner:min_ss_100C_1v60,1
design__max_cap_violation__count__corner:min_ss_100C_1v60,0
clock__skew__worst_hold__corner:min_ss_100C_1v60,-0.4981444286953136
clock__skew__worst_setup__corner:min_ss_100C_1v60,0.32689066267992967
timing__hold__ws__corner:min_ss_100C_1v60,0.9216170309993151
timing__setup__ws__corner:min_ss_100C_1v60,9.524104441347415
timing__hold__tns__corner:min_ss_100C_1v60,0.0
timing__setup__tns__corner:min_ss_100C_1v60,0.0
timing__hold__wns__corner:min_ss_100C_1v60,0
timing__setup__wns__corner:min_ss_100C_1v60,0.0
timing__hold_vio__count__corner:min_ss_100C_1v60,0
timing__hold_r2r__ws__corner:min_ss_100C_1v60,0.921617
timing__hold_r2r_vio__count__corner:min_ss_100C_1v60,0
timing__setup_vio__count__corner:min_ss_100C_1v60,0
timing__setup_r2r__ws__corner:min_ss_100C_1v60,44.898094
timing__setup_r2r_vio__count__corner:min_ss_100C_1v60,0
timing__unannotated_net__count__corner:min_ss_100C_1v60,13
timing__unannotated_net_filtered__count__corner:min_ss_100C_1v60,0
design__max_slew_violation__count__corner:min_ff_n40C_1v95,0
design__max_fanout_violation__count__corner:min_ff_n40C_1v95,1
design__max_cap_violation__count__corner:min_ff_n40C_1v95,0
clock__skew__worst_hold__corner:min_ff_n40C_1v95,-0.3491293186705434
clock__skew__worst_setup__corner:min_ff_n40C_1v95,0.2830118164370522
timing__hold__ws__corner:min_ff_n40C_1v95,0.11208645440164029
timing__setup__ws__corner:min_ff_n40C_1v95,36.68570617791391
timing__hold__tns__corner:min_ff_n40C_1v95,0.0
timing__setup__tns__corner:min_ff_n40C_1v95,0.0
timing__hold__wns__corner:min_ff_n40C_1v95,0
timing__setup__wns__corner:min_ff_n40C_1v95,0.0
timing__hold_vio__count__corner:min_ff_n40C_1v95,0
timing__hold_r2r__ws__corner:min_ff_n40C_1v95,0.112086
timing__hold_r2r_vio__count__corner:min_ff_n40C_1v95,0
timing__setup_vio__count__corner:min_ff_n40C_1v95,0
timing__setup_r2r__ws__corner:min_ff_n40C_1v95,54.656868
timing__setup_r2r_vio__count__corner:min_ff_n40C_1v95,0
timing__unannotated_net__count__corner:min_ff_n40C_1v95,13
timing__unannotated_net_filtered__count__corner:min_ff_n40C_1v95,0
design__max_slew_violation__count__corner:max_tt_025C_1v80,212
design__max_fanout_violation__count__corner:max_tt_025C_1v80,1
design__max_cap_violation__count__corner:max_tt_025C_1v80,0
clock__skew__worst_hold__corner:max_tt_025C_1v80,-0.4054162953433137
clock__skew__worst_setup__corner:max_tt_025C_1v80,0.31087969189977926
timing__hold__ws__corner:max_tt_025C_1v80,0.3373538210935497
timing__setup__ws__corner:max_tt_025C_1v80,29.20720103996814
timing__hold__tns__corner:max_tt_025C_1v80,0.0
timing__setup__tns__corner:max_tt_025C_1v80,0.0
timing__hold__wns__corner:max_tt_025C_1v80,0
timing__setup__wns__corner:max_tt_025C_1v80,0.0
timing__hold_vio__count__corner:max_tt_025C_1v80,0
timing__hold_r2r__ws__corner:max_tt_025C_1v80,0.337354
timing__hold_r2r_vio__count__corner:max_tt_025C_1v80,0
timing__setup_vio__count__corner:max_tt_025C_1v80,0
timing__setup_r2r__ws__corner:max_tt_025C_1v80,51.610886
timing__setup_r2r_vio__count__corner:max_tt_025C_1v80,0
timing__unannotated_net__count__corner:max_tt_025C_1v80,13
timing__unannotated_net_filtered__count__corner:max_tt_025C_1v80,0
design__max_slew_violation__count__corner:max_ss_100C_1v60,1377
design__max_fanout_violation__count__corner:max_ss_100C_1v60,1
design__max_cap_violation__count__corner:max_ss_100C_1v60,0
clock__skew__worst_hold__corner:max_ss_100C_1v60,-0.5167371121699432
clock__skew__worst_setup__corner:max_ss_100C_1v60,0.3420262225804048
timing__hold__ws__corner:max_ss_100C_1v60,0.9365439799875633
timing__setup__ws__corner:max_ss_100C_1v60,8.75338937221216
timing__hold__tns__corner:max_ss_100C_1v60,0.0
timing__setup__tns__corner:max_ss_100C_1v60,0.0
timing__hold__wns__corner:max_ss_100C_1v60,0
timing__setup__wns__corner:max_ss_100C_1v60,0.0
timing__hold_vio__count__corner:max_ss_100C_1v60,0
timing__hold_r2r__ws__corner:max_ss_100C_1v60,0.936544
timing__hold_r2r_vio__count__corner:max_ss_100C_1v60,0
timing__setup_vio__count__corner:max_ss_100C_1v60,0
timing__setup_r2r__ws__corner:max_ss_100C_1v60,44.185040
timing__setup_r2r_vio__count__corner:max_ss_100C_1v60,0
timing__unannotated_net__count__corner:max_ss_100C_1v60,13
timing__unannotated_net_filtered__count__corner:max_ss_100C_1v60,0
design__max_slew_violation__count__corner:max_ff_n40C_1v95,0
design__max_fanout_violation__count__corner:max_ff_n40C_1v95,1
design__max_cap_violation__count__corner:max_ff_n40C_1v95,0
clock__skew__worst_hold__corner:max_ff_n40C_1v95,-0.3575882746678518
clock__skew__worst_setup__corner:max_ff_n40C_1v95,0.29612371726215886
timing__hold__ws__corner:max_ff_n40C_1v95,0.11809248357896833
timing__setup__ws__corner:max_ff_n40C_1v95,36.412310641743346
timing__hold__tns__corner:max_ff_n40C_1v95,0.0
timing__setup__tns__corner:max_ff_n40C_1v95,0.0
timing__hold__wns__corner:max_ff_n40C_1v95,0
timing__setup__wns__corner:max_ff_n40C_1v95,0.0
timing__hold_vio__count__corner:max_ff_n40C_1v95,0
timing__hold_r2r__ws__corner:max_ff_n40C_1v95,0.118092
timing__hold_r2r_vio__count__corner:max_ff_n40C_1v95,0
timing__setup_vio__count__corner:max_ff_n40C_1v95,0
timing__setup_r2r__ws__corner:max_ff_n40C_1v95,54.404079
timing__setup_r2r_vio__count__corner:max_ff_n40C_1v95,0
timing__unannotated_net__count__corner:max_ff_n40C_1v95,13
timing__unannotated_net_filtered__count__corner:max_ff_n40C_1v95,0
timing__unannotated_net__count,13
timing__unannotated_net_filtered__count,0
design_powergrid__voltage__worst__net:VPWR__corner:nom_tt_025C_1v80,1.71464
design_powergrid__drop__average__net:VPWR__corner:nom_tt_025C_1v80,1.7938
design_powergrid__drop__worst__net:VPWR__corner:nom_tt_025C_1v80,0.0853559
design_powergrid__voltage__worst__net:VGND__corner:nom_tt_025C_1v80,0.0797647
design_powergrid__drop__average__net:VGND__corner:nom_tt_025C_1v80,0.00582429
design_powergrid__drop__worst__net:VGND__corner:nom_tt_025C_1v80,0.0797647
design_powergrid__voltage__worst,0.0797647
design_powergrid__voltage__worst__net:VPWR,1.71464
design_powergrid__drop__worst,0.0853559
design_powergrid__drop__worst__net:VPWR,0.0853559
design_powergrid__voltage__worst__net:VGND,0.0797647
design_powergrid__drop__worst__net:VGND,0.0797647
ir__voltage__worst,1.70999999999999996447286321199499070644378662109375
ir__drop__avg,0.006199999999999999782118731417313028941862285137176513671875
ir__drop__worst,0.0854000000000000036859404417555197142064571380615234375
design__xor_difference__count,0
magic__drc_error__count,0
klayout__drc_error__count,0
magic__illegal_overlap__count,0
design__lvs_device_difference__count,0
design__lvs_net_difference__count,0
design__lvs_property_fail__count,0
design__lvs_error__count,0
design__lvs_unmatched_device__count,0
design__lvs_unmatched_net__count,0
design__lvs_unmatched_pin__count,0
